manifest_index,filename,image_id,breed,label,official_split,teaching_split,official_class_id,official_species_id,official_breed_id,selection_rank_sha256,jpeg_sha256,width,height
0,Abyssinian_185.jpg,Abyssinian_185,Abyssinian,0,trainval,train,1,1,1,0267d23676475e105d9e411739fa6f4f7a37fb32afb13b164618421b0b863a99,1e6b2cf2908475d786cd57e4d017f6ca5fadf4c8fff44faaa2c754fea7d4036a,300,225
1,Abyssinian_153.jpg,Abyssinian_153,Abyssinian,0,trainval,train,1,1,1,07a58f3a9bfa504d5c8750700aff42ddceccc34119487170290c090e10bedd32,8400815fb431a22d1c9799ecb0565ba347c954cbf37e9690cc53de6558a11f2f,500,263
2,Abyssinian_117.jpg,Abyssinian_117,Abyssinian,0,trainval,train,1,1,1,08a2291c639cefd75419d624de10362fd46f1a4d05f064f6bf052eae8fbadbb7,c8ecbb90066b277a371bb0fcfa98f4b0ccbe6826885c5fbf50178a44eb8c048c,500,401
3,Abyssinian_155.jpg,Abyssinian_155,Abyssinian,0,trainval,train,1,1,1,0a42e150a1ff5069b01f889025ca39a3ed9d20e80f1c4ab6fc44cebaa0710f40,984a91c3134494451148c59b4ba65f8ea215d5aa1103b88401f5b4b5bd3b8505,581,371
4,Abyssinian_142.jpg,Abyssinian_142,Abyssinian,0,trainval,train,1,1,1,0c11404cae3193c944fe82adc9e6453c4cde2156cf3d5b02780b6c3aef59fd1f,0573d962bd69a415f181aaaf01888e2e29735e001661f73102f63756eb93cc42,500,433
5,Abyssinian_106.jpg,Abyssinian_106,Abyssinian,0,trainval,train,1,1,1,111c71ae68f212cb6c05f19d64305bf78e3cd42f10fa72e821e81625e724c80d,0ea9e13391ac58c711645a8962c476ce159eba24431d4f50d90f7d344ff6e0a2,1536,1024
6,Abyssinian_140.jpg,Abyssinian_140,Abyssinian,0,trainval,train,1,1,1,194e45124de8bc279fad3032ee4df520a4253838d9c570eb7fc06af3697de17d,b5c32925c8e9964a5e5fb3d9fbccb7a70950b94fce33b2fcb63c2246848da362,500,333
7,Abyssinian_158.jpg,Abyssinian_158,Abyssinian,0,trainval,train,1,1,1,1f1829edf057cf9f9075625cd50afb8d5faff695ec6d812a9a95d8025b9d0e03,639288a50b3b45729829c3ff13cc3e31d57c5c7801bbca48f96e5b220fd38958,500,375
8,Abyssinian_196.jpg,Abyssinian_196,Abyssinian,0,trainval,train,1,1,1,209149fdd4b4232bd944b28de909812c7ce6ba62970ecb7bc9eb109a8578990d,bdc10f452220ad82c7204dbf6a52acad4339b61519a38e7197e76594f5a3a578,300,225
9,Abyssinian_169.jpg,Abyssinian_169,Abyssinian,0,trainval,train,1,1,1,31c5341ffe1a7dd43b574d379732e68a4af23f58eda2c5f0d947d4a4a8e5af89,2ec1bc6348274ea220ea9a5628520b268a2e5e897cf9a35f6cd6df2763f45fdd,300,300
10,Abyssinian_14.jpg,Abyssinian_14,Abyssinian,0,trainval,train,1,1,1,31e16f827c0dee90c27bcfc8385e82c4a4cbaeddb93bee06fb6efeee9a928b9b,0016bc0e646be47ba16953ac6194b44f9ff0844fd48475bcbab077037838ffc1,335,500
11,Abyssinian_15.jpg,Abyssinian_15,Abyssinian,0,trainval,train,1,1,1,3f9ece9cc1c9a05f6ffccc8a010cd94b611b0b1b6b25bbcc4c747bb6aeef6928,dd40ccc1aeb3789d87f1c5f31b433740df00064f170ff7d79997baf2c6e217d3,477,422
12,Bengal_106.jpg,Bengal_106,Bengal,1,trainval,train,6,1,2,1ad579baf702569fe5a9a76631d3c18b17fb53fda273e23c3313335edf527141,6a2355d76967e895ffbde0994a7e724eabe4c08b6e398e74acb8f13c8fbd5918,500,320
13,Bengal_186.jpg,Bengal_186,Bengal,1,trainval,train,6,1,2,2373e7ffbb6363a71ebd19ed5b2de5793453553aab2ebf1200e40487c3eaf46e,a518db3242977f5f022cbb042932586373bdadbefe4551e83b969dc050826eb6,470,300
14,Bengal_133.jpg,Bengal_133,Bengal,1,trainval,train,6,1,2,2c382a86ff32fc3b84eee40d67c3ee877b6289145d96e877b53b2f8f09764807,08fd53985d062327373b812c9808aee2ebb708b950005e5ddb8c8d8f00548774,300,200
15,Bengal_10.jpg,Bengal_10,Bengal,1,trainval,train,6,1,2,349f07925c791f15e88e7da4b7bc609c005596f2a28ef27edb4cb19e2e028d74,4cc958fc6bb47738488fdc83a3053f01ce2937c9fbcaf5db2e649a1d612f8725,500,375
16,Bengal_128.jpg,Bengal_128,Bengal,1,trainval,train,6,1,2,3af079ea2880402866d5c2dcccae237abcb9d6832f1d9c6c9e854fc59fcba9d0,e78bdd34586197e7cc327a865662410308e406f20987ca78fdc9c1918af33712,500,334
17,Bengal_142.jpg,Bengal_142,Bengal,1,trainval,train,6,1,2,3d1a68297e1438442a194ddf02156a1cab0620d0d278167a487e8781d21fc37f,87ef60cd7d06ec2604c96bc664107c1616485cb0c9c1550ec22a12c9b468beeb,300,225
18,Bengal_135.jpg,Bengal_135,Bengal,1,trainval,train,6,1,2,3e2d69a0179e55197a7e24112099baa593b07bac52e9f32087214d39d3ea399b,2658624b0ba73a2e80faae57a99c9d9aec5b422e572fd1615325507e0f8df9b7,300,145
19,Bengal_148.jpg,Bengal_148,Bengal,1,trainval,train,6,1,2,4a0c373aa64c4fe529a2d2b36da662dbd7d6e9c969895509d7520e7c529d9ec6,6a4df42b7d99674d7ae747b44db56bca464156693c5e5c5c4d7b4700e12e9766,300,200
20,Bengal_175.jpg,Bengal_175,Bengal,1,trainval,train,6,1,2,71778f50bd4fd4a920988ca7dfc0b8e56b87f8be80cea81e23540475bd9dbcd7,ed4c79535a876e8dfcbbdf000151c68e0c6e3b22a3c9c90b7c280d029774bb2d,300,181
21,Bengal_101.jpg,Bengal_101,Bengal,1,trainval,train,6,1,2,7278cf685553498996f7ffd345960eb2f53a32d206aef2483ec4425225be6c6c,a45beacc9252f1061ba909174f8019e932008c7befd9a68546d05dfab45f428f,500,455
22,Bengal_168.jpg,Bengal_168,Bengal,1,trainval,train,6,1,2,79195e3b9af9c570955e0729b89935c88aebc8e8adaa65c5a5d1b12e6a972410,af612ee2300dc2bad7644d88baea8c33c313bbedc92d6f715fdfe6cf3058f182,300,225
23,Bengal_138.jpg,Bengal_138,Bengal,1,trainval,train,6,1,2,8e565a294de715db40b16ef7f3db07a3ad2fa166dffdec22a41f9de123a35393,00895b7602b25c545758c28c979aadf98b4f378d093eb5d1b23295b44441b99a,300,297
24,Birman_137.jpg,Birman_137,Birman,2,trainval,train,7,1,3,11af23f0632eb2a7122beaa8a1d7071adfab8a2cadfaf8dc43a411a57916f0b2,61978e8b19b1872d1a10a9dcc0763a6fdc509d43655cec695716cd9d504f0f84,500,333
25,Birman_153.jpg,Birman_153,Birman,2,trainval,train,7,1,3,1b1061b80b6b7a0df1ce1d1c478dd2c5e770a1fe3838e9006babfcc232049dde,07af2acbe9ef535bd494de777cad9cc0557aef8a01f4c2f731caa5ad62e01855,500,407
26,Birman_164.jpg,Birman_164,Birman,2,trainval,train,7,1,3,1b85fc4cba2565fae6615ebf58f718e27a93810fdef35c4ea1a2db23f636c501,b38408873294899d932faf580449eb1cdf5c2054252043fda71a1ef0ea1b602f,352,319
27,Birman_116.jpg,Birman_116,Birman,2,trainval,train,7,1,3,2a02cd5974fb6ef9bfb978add0334a43cc08b906a0aaa5fd6f72760e4892cd59,e3e6b86885cc097002ae20ed865240a287fd51d543930717d75c80ddf3951ed6,333,500
28,Birman_184.jpg,Birman_184,Birman,2,trainval,train,7,1,3,2f165d68572ecf368eaf892463cbea1331efb5a1d857b430bd040354e514f5a2,e4d79da543a188c83fa9437620f1ca263154feba280d0261af672a1c0e5c295b,500,375
29,Birman_163.jpg,Birman_163,Birman,2,trainval,train,7,1,3,40e5f2f24bfecf95f5f85973047833476b88ff81f085d6d2ec7822a6c0a5b96e,0c8fd7b885f0ab31b8989098db7ea894a9d2251d3817e9a8654438958c4cd262,500,334
30,Birman_165.jpg,Birman_165,Birman,2,trainval,train,7,1,3,4c4de467b187dbf04a99cde6046c01e8da4db7328f11f1b780d1e5876c9f2f6f,2c2a8f4b8e42db67cfdd5f7a92d0e08b6d6affd77e7439b8d43a4c65f2c0e9d2,500,375
31,Birman_190.jpg,Birman_190,Birman,2,trainval,train,7,1,3,518b1b35ac2368b55679fbea2999ddc8e4adb447cb778777a14034247cf4ac81,ee504651a0cf6515b2ac7a545c459941d47eef4f57fd091d4967b8ed06aa6fb8,500,333
32,Birman_173.jpg,Birman_173,Birman,2,trainval,train,7,1,3,5b653432644916608380160d51770e8646c0f4dbb7a9216eeb4bba3d179697cd,590114600b5c0ce01434d2861cbc30597560059eee98dc5c1167845f96304019,500,333
33,Birman_123.jpg,Birman_123,Birman,2,trainval,train,7,1,3,64b3921ca93101702697e872232ae04336bbed0f2342a844c91e1dcc3f4858ab,0cbd2a5bec1cc2d054ea126ecf4d81520f7874f9cf84a5469399061ab74283f1,500,333
34,Birman_183.jpg,Birman_183,Birman,2,trainval,train,7,1,3,6cabb6fcd735a29448225abc0b3247576d1f6fbaa3c8adc58320e5279493a524,c624a5c38a01613e35c48ac717e41cb0314d0f04471ed07f1a40206266a87c81,500,333
35,Birman_102.jpg,Birman_102,Birman,2,trainval,train,7,1,3,6e85ee3d960931f500d99773f20ffdf3377371275dd19d0b0449a1cba9ab9255,da400e6fe650fd1d4c8ff45cbf6e2231310679dd9b3ae7a78586f7585e96244a,332,500
36,Bombay_15.jpg,Bombay_15,Bombay,3,trainval,train,8,1,4,125d58db42336162618d60e9efc95559ca2b0bd6f2cb99c90f5a5590db1f5529,ff181dcc6577af54a8437902cffa686b6687035cb9d382285eda027c0f26bc13,260,248
37,Bombay_143.jpg,Bombay_143,Bombay,3,trainval,train,8,1,4,13a71704cc041074e0d045f379b87fc597b9d087adab5c9add0e52c68d6a1057,ac115e07c4ea5da029a4810f7652b8880389ee265680bc15bcf94dc1c1a138a2,500,385
38,Bombay_148.jpg,Bombay_148,Bombay,3,trainval,train,8,1,4,1596ff299808d9389c4c026d19145bc7633955b4dcc38fec9138b36a1cdfd9fb,034678dcfad5c199cb21ae561ac7fe2594e7f31b044e643f7d0ad487cd6a68c9,500,375
39,Bombay_18.jpg,Bombay_18,Bombay,3,trainval,train,8,1,4,202694fd894021218eb133be0c14c91fa97719524ee4af0a1564027d75b334b5,c750eb60035490286ec5e11085d48cd94be3170b7cee33df4d5188be73da329c,254,380
40,Bombay_159.jpg,Bombay_159,Bombay,3,trainval,train,8,1,4,21f630c8c5c7ddb27ceb79e63a3184969a7b964904e40fc85407e6bce9f769ac,46e673c76dad8fde62bb585814124815f8b82eafc6d15b575516882d7182fb78,184,250
41,Bombay_137.jpg,Bombay_137,Bombay,3,trainval,train,8,1,4,23cac91f6208531d08c717831d444dde509a8d60bdf23078e06b7a8d89a37547,809c8cbfecc609fbaf31d728f21bc82d4a9b13cb36f4b6f948207fad5c888043,500,375
42,Bombay_1.jpg,Bombay_1,Bombay,3,trainval,train,8,1,4,2e98fc2b25584471e1abb4530d028d7a8acd8e5c141eea0b3ca80be4c8686cb3,9de53eade28207738448e52e1a2ef335a51b23b3629fdcd26075feaeab125b50,183,275
43,Bombay_168.jpg,Bombay_168,Bombay,3,trainval,train,8,1,4,3fbec952a81d95847a3b6f5807b3af27a4fc9437075e7d731f3035a225c75c02,ca91126a7ae02852ead29185072e63619211ddff6e79c450796060ba27900da9,500,375
44,Bombay_174.jpg,Bombay_174,Bombay,3,trainval,train,8,1,4,469968591191b3bf8ea54a922e9c2d1ec2146be8496c39de70aa550b31fa6030,7d894de8c745245a0fbe80da5a48d2d9169f5b7a9e856ccdd4e1f3d96f5bc134,404,500
45,Bombay_16.jpg,Bombay_16,Bombay,3,trainval,train,8,1,4,66d4493857d78bf663b073992cbbf64e7e27512928b9b3934d01bd734552faf6,89fb7f486be243dc95ea8549da143ef88b7f893c7f94719811744bf680bb6d38,500,343
46,Bombay_123.jpg,Bombay_123,Bombay,3,trainval,train,8,1,4,696d845382254d74555ff577638a42f33fda7afc8d0dac8d2b9791e674c4c873,2c8e528720d29bd92eb2b195ebda65f76a9c44efec8d58b4c3a31553b38002a3,360,269
47,Bombay_133.jpg,Bombay_133,Bombay,3,trainval,train,8,1,4,6c7b13cc5ddb81c664c9822e7e4aeb75bfa49ee7cace775355da27b09f38f377,79b3830813f553594c1e3c08a5f92809172555c6861e1d5b473359c811f30af5,360,305
48,British_Shorthair_122.jpg,British_Shorthair_122,British_Shorthair,4,trainval,train,10,1,5,03fba33fcdebe95cbbbe0ff32a98c4e85ce7c90c49c2347541b158cf3e2dceee,bddc7c6e2b1066a063382eeed0a33c8df6c484482acb62776695bda9ddd94767,500,346
49,British_Shorthair_163.jpg,British_Shorthair_163,British_Shorthair,4,trainval,train,10,1,5,1a5d622227ff43d32ef2f6c99edf94f690b51b13af558b13e18da85a6806d2c6,01e15de89e3a694db87aa34436ba75e42a3d95ca7b200af06d24a5fc6589c649,500,365
50,British_Shorthair_15.jpg,British_Shorthair_15,British_Shorthair,4,trainval,train,10,1,5,21250a2158ea9e63bfdce9cd45c759a824cb6c860c43fef5504c721691690925,7444ad519c9d284d8021952c50d878286a3b65d05451b5ae6644cdc5624da968,600,434
51,British_Shorthair_128.jpg,British_Shorthair_128,British_Shorthair,4,trainval,train,10,1,5,2372ee6518a9be2522d753ffb96f1eba4f7a1f58b664129f314adb09de6110f1,617971f03d0448bdfe1a85628856b45adbb3ae03ed194b5eab8d2b2fb42d1a66,332,500
52,British_Shorthair_149.jpg,British_Shorthair_149,British_Shorthair,4,trainval,train,10,1,5,27466f91c0aa9df6dc4054c4eb045d50c1ef2ba77de751a4916cff21c5e1c4e7,290c5f395fd488589bcd47a6661bfd3086b85c01d7373148aed8f950bd26cd24,500,375
53,British_Shorthair_167.jpg,British_Shorthair_167,British_Shorthair,4,trainval,train,10,1,5,2bb5112c069a6796d3b63c4ad7954fde106172911cdbc9dd4c7a9ce189a474cd,4a8a8e947a46fa199706e6c0285a4c5da04d9c5178b0031a3b30d4e3cdeaefd9,500,350
54,British_Shorthair_129.jpg,British_Shorthair_129,British_Shorthair,4,trainval,train,10,1,5,2ec06018ed401fc44ff325d726fb7b913e2395115579b880057863924dc525f2,bd77ff2f44f4043665e1585e083f3c066b1ea1fe29bd1d5a5a057af6be6a5212,375,500
55,British_Shorthair_144.jpg,British_Shorthair_144,British_Shorthair,4,trainval,train,10,1,5,2ee2a37d2b81d364aa97a32a69e5d99a012eb0761fcb201f6749f0686857320d,5aa5fa1d5c38501c084d5433ab8862cbf4c194dba0c1fed2ce658c20d1598593,500,375
56,British_Shorthair_176.jpg,British_Shorthair_176,British_Shorthair,4,trainval,train,10,1,5,30dca1ed28143d04cead3fffc49780d1b4f0c20a87633952ba14f433bb7af5fd,9fe29d6ce4b88bcbfb24657df9c83fe40dfc173ff4cc43b571f4eb85d46e9abb,500,375
57,British_Shorthair_133.jpg,British_Shorthair_133,British_Shorthair,4,trainval,train,10,1,5,3d189debcb34633c18ac15192a832a7fc01cee51dd2539ed2623600e4d96cdc3,4377a00e698313b835b5d59fa1c8417b15e0c3ed7243a994ca508ff85a6d3b71,500,335
58,British_Shorthair_116.jpg,British_Shorthair_116,British_Shorthair,4,trainval,train,10,1,5,3dada15ad2d26c651e1137f33e6ba259ca96cb91a73966e7e71982bb387dca9f,d46945552a11c233b3825e0b07ad631d40fcb9f9e75b22c72edc8b7d9f2e5e21,500,500
59,British_Shorthair_16.jpg,British_Shorthair_16,British_Shorthair,4,trainval,train,10,1,5,4e043e682ec0c9bf695df430d39cedd2469dc1c1cb8b53d4372abb5705f5a38d,ab13bb9c2fcb88ff0eb6e2100bc5fbf8b7a31f4d0fd34aab3f1b1e2c335df754,375,500
60,Egyptian_Mau_101.jpg,Egyptian_Mau_101,Egyptian_Mau,5,trainval,train,12,1,6,0eed9d9cd9e45da173e5e380102bf845e1b01239dc9bafb1757b8fe5f1a520a0,afc9692ac2c1309093331317737372ee07c94a31910e1460796cabef2ddd7626,480,360
61,Egyptian_Mau_148.jpg,Egyptian_Mau_148,Egyptian_Mau,5,trainval,train,12,1,6,138080eec958723d41f24c69bbf4983996599187ac6a26ecb118529f1d8d303a,10fc44a5dad3d7cf6514ff9caa56ebf734beaa32d8c5366bac13497c1e422eda,500,332
62,Egyptian_Mau_123.jpg,Egyptian_Mau_123,Egyptian_Mau,5,trainval,train,12,1,6,165fe115bd3b7ce1fd09482ea2717ccb53df0c170a07838cf9f08041163d6d44,dcbfb51f0d475799dfb27624bdc2d0c454d8ba61e50a39fb6b597989be00e926,400,398
63,Egyptian_Mau_132.jpg,Egyptian_Mau_132,Egyptian_Mau,5,trainval,train,12,1,6,29cec4eba7a6c216162d94d71a0276abd5bd7b30e0d85e27e5b45875ec6eb790,f9ef052b46f490e430acf03a9976c1a1666bebaec786966776f839c3aaa4a26e,380,253
64,Egyptian_Mau_189.jpg,Egyptian_Mau_189,Egyptian_Mau,5,trainval,train,12,1,6,31aac2337975c08b90d2b79f515b442a866b25105893f258152b05407949a49c,41d1697aceae073685496be12df6395f1192b48b7f361f497ad523ad0ded8a04,360,410
65,Egyptian_Mau_115.jpg,Egyptian_Mau_115,Egyptian_Mau,5,trainval,train,12,1,6,40375fa6f260d6acd0b8dc12ad969397b80b5bb243c462168e89f98d9c9a83a8,cd51ca3fcc839eb19dde7a3b55a574a47ee14d961871d43d020f82de8d27b12d,386,417
66,Egyptian_Mau_13.jpg,Egyptian_Mau_13,Egyptian_Mau,5,trainval,train,12,1,6,410c8a23ba6513fc0f176676946da5c1cc242eb564fb32ad9b9ba9b24b6b4572,7cbfb5c76d926779d7655a0cd5372d80604c2ad550f0fbbd932d2400dbc93fcb,334,500
67,Egyptian_Mau_116.jpg,Egyptian_Mau_116,Egyptian_Mau,5,trainval,train,12,1,6,49a1b3d058ae156b2fec187870914e8fcdc8f39d45e0fa2ddfa4264a0e731f20,88ca32120bc3d49563b270d56558e31b106b3b1de4898a120bed26e441721290,450,354
68,Egyptian_Mau_161.jpg,Egyptian_Mau_161,Egyptian_Mau,5,trainval,train,12,1,6,4fa6c4cbdf38d08ae62c7acf9f00b96ff1dce49c6385c90fd3c6263abe50aa2b,fedcbfa4c0fff8e7b644535ad7513f687794357eac6caf0ddaa86b45b7f5f040,480,360
69,Egyptian_Mau_119.jpg,Egyptian_Mau_119,Egyptian_Mau,5,trainval,train,12,1,6,5607d6e7394b2908b931c3215a27abe80f39c9a732819edc6ded98757efb62f6,b5c13793f74dd7c27f20f4ff4ccc3d451a22e70e48d27a5bbec8d662c1d998c2,190,168
70,Egyptian_Mau_18.jpg,Egyptian_Mau_18,Egyptian_Mau,5,trainval,train,12,1,6,56100351da2e6a560880e6b847f9b8d5e2f4b9f97135db0ff15fcb9800549a4a,0b7f72c5faad460797e12eaa11b74322c503ccd57a336e2f43bfb0a834a1ad7b,500,403
71,Egyptian_Mau_142.jpg,Egyptian_Mau_142,Egyptian_Mau,5,trainval,train,12,1,6,6aad09b7352903cc03e3d0077a83eab0e98085c14e8ea1d5b17798fce871732b,162e4c5b38bf398ce6c08e064fa6b53bae857c988af2f207c88f43b8f4a4d43f,360,270
72,Abyssinian_195.jpg,Abyssinian_195,Abyssinian,0,trainval,val,1,1,1,52d140fdd65cf0842a6049e1a7f7105189ebe923b20886f3e5b2cdcc5e11fe9e,d6df6523e1de30bb12e6ef6b5330593b3642715a8492d90da629b6ee39047785,177,300
73,Abyssinian_111.jpg,Abyssinian_111,Abyssinian,0,trainval,val,1,1,1,53dc130cbd3f2b872cc4537ae4b350af330e953427cd7501e2723fbf25d85530,a163f0bae5a683e82077f2b1411af9bd5cc1a27932a08d9031f860a6ec968e9b,500,402
74,Abyssinian_100.jpg,Abyssinian_100,Abyssinian,0,trainval,val,1,1,1,586b116fafae666d3f86cde64ccfd2761e1b3da65460a9749d81c104bcb993ee,81ab214f04753ff30c460e715b54e2d11aa2b7a57c7f58c0f2a9118826cea254,394,500
75,Abyssinian_164.jpg,Abyssinian_164,Abyssinian,0,trainval,val,1,1,1,61e7b75f69cab60a179a10a359cba3155594ba8da2dff05f9362a24629e7a7d7,cb3cc7b9a2690bce685fd8e3b60da09c1d9d945e4f542a6a7767a2ff1f5000e4,500,328
76,Abyssinian_173.jpg,Abyssinian_173,Abyssinian,0,trainval,val,1,1,1,64dea9264e5734a66fa08b35aa26d99c6e226782bc261b088ab2dbd74d872854,196f6cdd4d787c35c6c31ddc1dcdbbb36c23205ede7d2b4fba60165565a29834,400,267
77,Abyssinian_136.jpg,Abyssinian_136,Abyssinian,0,trainval,val,1,1,1,68d8b98fe449b8fe7c2308e0b459914ea594fee7dd63f84f50b06f11e4181201,a750f14f02ea5d160c2b339fa5adacbf75a240c8871c40dc37a8bb01d39068be,333,500
78,Bengal_166.jpg,Bengal_166,Bengal,1,trainval,val,6,1,2,8ed277641771d881d4d04edea8612e9ee20cc895c2fad3dc7fde1ffee35a81bc,90e0a61dd0049fee00682607fbd47e04bead0047bb8440b03409820d08b56551,225,300
79,Bengal_131.jpg,Bengal_131,Bengal,1,trainval,val,6,1,2,906d8360abde5f80391f58a68697715bc01dedd5e7ae8b5eb8cf2ed44112e21a,5005ae91d4fc2c6d8c5c7c5bfdff5a7b86d993761e7a66197884017690263112,300,202
80,Bengal_17.jpg,Bengal_17,Bengal,1,trainval,val,6,1,2,91605cea824373c0606d782cb122987ae88fbbc97e8c45ba142b833b4ca6023c,e39612e3184ceea4a659c2a7b69a359f208cd4084fec1060416997b7d3d6830c,500,375
81,Bengal_185.jpg,Bengal_185,Bengal,1,trainval,val,6,1,2,be8fa62f07868a95d629a6862fdb1c043155471706f9613028cd07e2022a4bbe,82693681ab7dc89a9e74f4302cc4583d8b3dd83b493fcfe23066ec950065d99e,700,475
82,Bengal_190.jpg,Bengal_190,Bengal,1,trainval,val,6,1,2,c9ec40f11c79187fea101a86a88723d9e19153b37b05895bfe166bd9e0a9a3f8,16d005accb843a17e0bc0756a7e6eadfc395df4d835ca7493b61a3ea84f99413,668,500
83,Bengal_123.jpg,Bengal_123,Bengal,1,trainval,val,6,1,2,db5496ebca410c20e3fb15f7f2e1b8f89a7f59f8c85c3328bad0d832f6882058,8c454b9f8a1ceeb2f3a4e91b818e70b4e498912bf28372f09f5e41e467908159,500,335
84,Birman_142.jpg,Birman_142,Birman,2,trainval,val,7,1,3,74ef7d58c15c6620ceead85208011854dde2815803123f70c47c92517bbf0632,e7c39812068824a5be2a323f528775fba41dbfc0b00f5a60596cc01854b5c565,500,333
85,Birman_140.jpg,Birman_140,Birman,2,trainval,val,7,1,3,78290c20cdc91a8c59a3aa550f9b22dcd5bb257f40aa7bbdfc71416a9e023cb6,34420401523bda7dee018413287f9fac919a80aa05c943700db88655b41445f4,500,333
86,Birman_15.jpg,Birman_15,Birman,2,trainval,val,7,1,3,787291adb29f7a501e0a193c239195b471f2f91280db9c51e60bb562651863d5,1af898aac89c92f061412448ac125256a7dae09186ccc7d758b731592e36b18e,281,500
87,Birman_181.jpg,Birman_181,Birman,2,trainval,val,7,1,3,8e5ba0f8b3315230d82035ee8136f3e93e9b3e2b842a8285e54a5bbdb4963bce,1c8bbc9fde274b969578c2cae2a127ef22d1484e01b699ee488a0f9eeb01ab79,500,333
88,Birman_151.jpg,Birman_151,Birman,2,trainval,val,7,1,3,8fc239f3dfb352a9cb68d7078b6db6de7a3f278074c5ef2c8023778f427f4a0d,157215096794be6bc3fe39350a34dd6effccdde7a4fa138c4c4985884c837da7,375,500
89,Birman_171.jpg,Birman_171,Birman,2,trainval,val,7,1,3,94b7b6914a1b35638d5a548833fda456a442a9617e7b207b3a9832e713e204d1,0bda09a7d7971784f28f2c6b0b6a6fe6f261e3896b729780ba521c4979edcbe7,400,500
90,Bombay_135.jpg,Bombay_135,Bombay,3,trainval,val,8,1,4,6eab8f95357a843d3888d1836a1581a0b3e6c862c90581a91018ec145450456b,e01fde8b03ef4a6288ee5755d0454d9a59a54e3283b90c51f870e10260e2a5c0,577,384
91,Bombay_129.jpg,Bombay_129,Bombay,3,trainval,val,8,1,4,7d065f14a21b5738ab162709c9ed1129c1ecbfdeb426c23f0127df935c6003e0,7dd0944ff16ba1bfd19b899ee1b969d92ccd7edbe41a4f642f999f7691b5a782,438,590
92,Bombay_164.jpg,Bombay_164,Bombay,3,trainval,val,8,1,4,8ab14f6d863284ea1b2719490cd3acfb2cf0c2752fa1332de223c2625caee7c1,526eca325273902592a97e06f6ff7056b0911234d710616def631cfc70767496,297,300
93,Bombay_173.jpg,Bombay_173,Bombay,3,trainval,val,8,1,4,bc0ce6b682fdcc1dd4f0703c1e101a1a8b4c10ad002693364528ba20266c4916,5220a315411a825496776c2639c478da4ade1368ea52cbb2929ee4b42f048849,334,500
94,Bombay_155.jpg,Bombay_155,Bombay,3,trainval,val,8,1,4,bc6b4d0a4b4a4ac41c593e6c39aab447ecb9b4b8906c92857151082f369425cf,8bdd30cdbc168c8bf25ae58de2901be85c235f6d2824e35f129e634f6da4dcfb,300,200
95,Bombay_150.jpg,Bombay_150,Bombay,3,trainval,val,8,1,4,bf14433f987f8a32dd2d6207b96eca543cf414147f4e6dedf4606a517116232b,73de3bde43d6474a486a802e0a6836b09b23180f053942f213f5550e306dc225,200,182
96,British_Shorthair_187.jpg,British_Shorthair_187,British_Shorthair,4,trainval,val,10,1,5,4eac0a03796877b35ca92b517973d07d751db61a2e2c9ac4e191a814a92c2d1b,62ede0eef5e0cc0ffb3a2c6c9ef0340bfe32f2a48af8331e937f3a052816145f,332,500
97,British_Shorthair_184.jpg,British_Shorthair_184,British_Shorthair,4,trainval,val,10,1,5,60758c2a75704fe9de4a1db0241116ff25f40d53bb90dd104b7766e48f5c8dd2,057cb4b63d6a5ee825214c6e339f3135a66be1b17e191a1e2c23c0a6b8bd2505,500,416
98,British_Shorthair_117.jpg,British_Shorthair_117,British_Shorthair,4,trainval,val,10,1,5,6ca711f05c2e5aec6de5b704ce4753fe1d551a53b139dafd0f753466ebdcbd83,acc88898e49872b2ff8a2e7f49ff2e4d9d0810cac0e0fed85cde94a0c02016b5,500,375
99,British_Shorthair_108.jpg,British_Shorthair_108,British_Shorthair,4,trainval,val,10,1,5,78657bea3cac700b798331e72f943a6a2f3f91fabadadcf474fce797751c4739,5e45f2e833d571f4bd4c73d34ad7808efd0a9b3eb8582afc300b6c7b240be85b,333,500
100,British_Shorthair_157.jpg,British_Shorthair_157,British_Shorthair,4,trainval,val,10,1,5,9103db10f6ab28531b6f37a2a8b2f8f32238a6305b4b2db2119a6efb1d3b8d62,b9ac9884e4dbaac10fb46c298d6117bba12577adfad6e12d8288cf22559c99f7,375,500
101,British_Shorthair_181.jpg,British_Shorthair_181,British_Shorthair,4,trainval,val,10,1,5,9241578ba3290c8ff49f8d3798e2d46decb6479a2f3755c5ccf32fd7c8d2cbe0,6b00e31f27520561f804b3c4234e65150a7bdbb819684d4d025c326513a69a86,333,500
102,Egyptian_Mau_112.jpg,Egyptian_Mau_112,Egyptian_Mau,5,trainval,val,12,1,6,783bf6cb76b6a0351adb536128f0caa22df09df77048272dfb8c22280fef3af9,109b51c6f3f23eeb9a8d54ea6209d48344d5136187e9d8c5069c6a8eb13a86df,500,375
103,Egyptian_Mau_105.jpg,Egyptian_Mau_105,Egyptian_Mau,5,trainval,val,12,1,6,7bf2138bcacf6dc25a77ece88c9923a50ee7476b038c8f668413b2d804984807,72af56f448783f4458f3b47503428d9b7254cbe8580cbd2195e33b57d3b73d80,450,427
104,Egyptian_Mau_16.jpg,Egyptian_Mau_16,Egyptian_Mau,5,trainval,val,12,1,6,890203b109545b27aabe883f76f0db8fb645463d687cab032def1903d7b3a913,ca3404c835a3ee35823c775d182539230689067357f89a85f6846de536796fb3,241,200
105,Egyptian_Mau_11.jpg,Egyptian_Mau_11,Egyptian_Mau,5,trainval,val,12,1,6,8aa5e73c2f58134672fe402994e46fbfb0efca0525438941d14f5aeded1f1bb8,6d655632626888e105a0c7300cbc0cbebac694b5a9e739b4e29e93e78193e275,334,500
106,Egyptian_Mau_109.jpg,Egyptian_Mau_109,Egyptian_Mau,5,trainval,val,12,1,6,8ff990f0b40436508707e974e34552573d94831e56aa8551c7ab5915d8d538ad,f903dbcd082566e934c12104b3c2f00f8445b79b3f24136e59adf8785427da0c,180,250
107,Egyptian_Mau_102.jpg,Egyptian_Mau_102,Egyptian_Mau,5,trainval,val,12,1,6,9d009e1911f9a45d2b35bb715f5b83209e462bf87f3cb50c9dfc7b0ebe912566,26df54d5eb39396feccd77f3d8f13d12138786a047512d8cddf0f73eedd789e0,576,384
108,Abyssinian_37.jpg,Abyssinian_37,Abyssinian,0,test,test,1,1,1,0faef83659f9f4bbe8e2ebf1508c1f67324e497b8243cef8bf7d3020844abb91,9e41096525b0a6febdefee32f1148dbcc69f914f80aeee230c746efd991359c0,1600,1200
109,Abyssinian_204.jpg,Abyssinian_204,Abyssinian,0,test,test,1,1,1,12c0c1fdef87f1e0ae24e1820db82fdec1d9d2a316fdb45d2d9844d689f04efe,b0e390152f5a7b53f076ee72d7f2b6c28332678f3f7a3589f4bfd789d32480d9,229,300
110,Abyssinian_217.jpg,Abyssinian_217,Abyssinian,0,test,test,1,1,1,130a731059c5afc51c893d736f4750f60b2860de689c77234dbee24589023796,d65c558e8358b2b8c6072d312c301b2dbda1465e4f12169c45a2662421824c7c,241,244
111,Abyssinian_58.jpg,Abyssinian_58,Abyssinian,0,test,test,1,1,1,152fb29fc449020b99af9a80f8bdd9a5a948ea203547dca405097c9f06bcc22e,75ccc96fb9c3da76eef38f701785aed657d2cc90ca1efd28c787bce0dd740071,335,500
112,Abyssinian_65.jpg,Abyssinian_65,Abyssinian,0,test,test,1,1,1,287895c980a24fffc6397ce2cc36e95b0f328af554779a0d570abc2633954a81,7f584356d35e58be6f0dbf56d61f85bf3c170b482d934b4021f30396bcee4c74,400,267
113,Abyssinian_43.jpg,Abyssinian_43,Abyssinian,0,test,test,1,1,1,35740ebe0d5fe2b93b411cef1f91c3c461a1e94b395eb2a59907b88e0aaf289a,5112106a63f6de76b70d708475a3bb37a0825aa337e58108f0476284b4e2582a,335,500
114,Bengal_44.jpg,Bengal_44,Bengal,1,test,test,6,1,2,109ede78e232d1b340ea70d4817d4e26ef2aba30ccef6a94a92908e23f829d6a,701dd3a4b05b431f6e4cf6b5af70daea768c1749773f368ccb7535adb141e09b,500,375
115,Bengal_73.jpg,Bengal_73,Bengal,1,test,test,6,1,2,20fd2ded7d7c9a472002a00a4d3fed2dad3016f05a7f7784b7d5c23c7a855335,d182c26dc2456acbb964c96dce4753f95b59e12e8da2895ae8b5dc1c902e33b8,500,375
116,Bengal_37.jpg,Bengal_37,Bengal,1,test,test,6,1,2,2b5e506e58e93bc84d1b72d8c251506d05e5d5e2feeddd8d97f8911244d1cedc,d0a28d57f3621276ede6910497e3c793d5fafae3b52827e1c266fcce9d003e8c,500,375
117,Bengal_66.jpg,Bengal_66,Bengal,1,test,test,6,1,2,3b8755c2cd35d1a441328c5c529d675354f6f3f70cd4c0eec1630a7aa28d1ab3,64c75fb5c0211ab4c3bee24cbeb3ea4133d3c158626160d0450c7eb07b8b4331,500,375
118,Bengal_43.jpg,Bengal_43,Bengal,1,test,test,6,1,2,3f9bcd996c2e658532a234f636e6f22b9f5c53488d4a54f9174450f453d64f5d,d2b5256b7b142250cfd2879c5d8c3b2a796709ad4205d998e12daf941effe2ef,500,357
119,Bengal_95.jpg,Bengal_95,Bengal,1,test,test,6,1,2,5548bad331d22afc37fa6599f52231ded00b32f73d5a44b09df5647b89d4622b,9657032bc13e00de740e9c97815f410f7a4da0fd82e14675b49b663a971e8a93,500,375
120,Birman_31.jpg,Birman_31,Birman,2,test,test,7,1,3,15a0b143c27ec735799d38c123be7924de5d16931a9c244240b01fdaa741740f,863febcee36c4661e21ef95e060bce252faebfdc5e3d05546954d24e839106b4,398,500
121,Birman_90.jpg,Birman_90,Birman,2,test,test,7,1,3,1faad988e815b1537182b387a674ddc7899218d8d7bc8b0872b61ae452638dde,4b08426cd343c2cc90a5182e3613ef3d16f9e0f07f5bb27d4c5fe7f9144023ba,500,333
122,Birman_63.jpg,Birman_63,Birman,2,test,test,7,1,3,235192f7f796c9f620912930fa72fb1094e31eca2f0fed7cb841d3d43ed1753d,926ba544287d7c5a9e1edb4d2a7d3f5445cfa846b5ac679b1228bc339b42e7fd,375,500
123,Birman_58.jpg,Birman_58,Birman,2,test,test,7,1,3,2ea2d653e4f26accca399e2f579fc77568938e187d2a4185190f843704bd2d6a,6801d6b16e1b8da9605fb5e3a113e152095e8cc971596edffc0a18f70f42b0ea,375,500
124,Birman_37.jpg,Birman_37,Birman,2,test,test,7,1,3,42521f793e042b9433d3ede24c4696e71f9d0c72f80b9bfaa28e42b577fb32db,7f23273c95588db6cb2c820d87e8ca919812fb6d902ba9eeb62c6a3d9b0463d4,375,500
125,Birman_71.jpg,Birman_71,Birman,2,test,test,7,1,3,7306df51507763b1e9246fc0047b7c5ac43a97bd05869274ab8f6ff34cd68c80,9a13b6ad508e2f0f26c53e4e47d921bd572eec9eb65ccc72048f9a11a1807850,500,375
126,Bombay_79.jpg,Bombay_79,Bombay,3,test,test,8,1,4,00a52fd280a25ed52eca567467c47facb6197e1e3fcabf4b7f3799c9df1bb34a,af2397c86e30811ae4c643b0ba170447fff5e8c35e6f0f9cb2821c6ddb6d3f4d,600,456
127,Bombay_202.jpg,Bombay_202,Bombay,3,test,test,8,1,4,17cec3a04b4c812c954b53ab1951882812a79a0168de14c620f491ebde76604b,eaaa830f992e017bb57aaa9643033c728897f2adc4ab2e1698c7096960b69b1d,300,225
128,Bombay_24.jpg,Bombay_24,Bombay,3,test,test,8,1,4,1d9c7095916a7401638145c33f268fe5944e0423cccd48aee01106c500de6bea,44cb4f4ab781a44720c233ef16742cb24884c6f018471b7d0f84a13b14a870e1,512,560
129,Bombay_215.jpg,Bombay_215,Bombay,3,test,test,8,1,4,1f1c87b85f6c73ed1900f33f3528d4c45066f05e45506f74e19e79e418456bda,267a69fe14cee38baa33607a092979b961daf5e84cde9694b550a2d9462e82f3,300,225
130,Bombay_9.jpg,Bombay_9,Bombay,3,test,test,8,1,4,263c3fdb05fd056a5edbf1b7874b55c1bb5a7f1262a90864708275ec9b60b9d6,90dead003975c53f14c3b6b96d4c63d0d3cdbdef79c122762dc1dd2f9d3359e0,500,333
131,Bombay_75.jpg,Bombay_75,Bombay,3,test,test,8,1,4,3bff34610d816d450782e6aee4487f3de4c18d172668b261a23844070212bf97,5db18dd2c48688e08e99d06dfa10b9de8ca4c657e858277407009eec6d679854,240,270
132,British_Shorthair_66.jpg,British_Shorthair_66,British_Shorthair,4,test,test,10,1,5,026a5be6a4904fa06b55cd5c4cb68645194cb606ef568caeb70ea5e47501ef57,9efa8069af1860c64de2e8fcc04d384a80131621717c19b23ea74e54fad6545e,500,333
133,British_Shorthair_95.jpg,British_Shorthair_95,British_Shorthair,4,test,test,10,1,5,0c072f0bdaf4af8d2597b68a33943a24d5efcd945f8e2edc1ae266908b15aa1d,c804bbacb0a8d6b27078e5d6502f314522e47294393e76d396e947d6c820682b,500,332
134,British_Shorthair_277.jpg,British_Shorthair_277,British_Shorthair,4,test,test,10,1,5,133d19b904d942ee141b71abbac8122ddc8c7cd4eb3501ec88f48e3166ea0368,1e3f78db33bfc090906adcd692818676890afe33be18760932ae9aedb0dca7d9,479,385
135,British_Shorthair_82.jpg,British_Shorthair_82,British_Shorthair,4,test,test,10,1,5,1afbaa875d8a44924db0661360093ab9d38e3aedcece26d1ae143fa80d6f3f05,f8bbce4632a29fd4ec72326f25ecefd1beeee1153055d9da9e794d887152cdf4,500,375
136,British_Shorthair_48.jpg,British_Shorthair_48,British_Shorthair,4,test,test,10,1,5,2c82a27331d863a38cfbc7c02b5970f3bd0e71ce874f2d7eda287d0038f28b02,dc9964f43d247b6cdc1d73cb2a847c36cb9db9bb31884c03ae5891b3493f1962,333,500
137,British_Shorthair_54.jpg,British_Shorthair_54,British_Shorthair,4,test,test,10,1,5,45642e090413934a6c96aca07e334c6cc054ee7da163403b88817b9b605d9369,1ffe15ac447c3926372a6dc7155ae52b7068153d5773cbfd67b2667dfde35ee7,405,500
138,Egyptian_Mau_34.jpg,Egyptian_Mau_34,Egyptian_Mau,5,test,test,12,1,6,00fbc823c97ba766a048098da71d8cb879f2237a0513ea9b77ba920a1b92219f,363869ba47d292da58af856c6988af8b0715153377a746561633cd93753bcf09,260,236
139,Egyptian_Mau_209.jpg,Egyptian_Mau_209,Egyptian_Mau,5,test,test,12,1,6,046a58ef02c1a4bcf9276a4f2975ffa33a7164c17cb62c2582bc0dbf3d67a282,7cbd7795bc5ea7fbf96c4230f2d27c9f73dafdae527e0f639bfe5564ce616c3c,300,263
140,Egyptian_Mau_60.jpg,Egyptian_Mau_60,Egyptian_Mau,5,test,test,12,1,6,1c120bec3d88684be8f999ef9673e5b7c5739af8b4009bd3153594924f9764c5,15a946bcd268c1288e39a7259f86f970d868a65ddceddc1fcf3221a31bc00e7b,400,298
141,Egyptian_Mau_29.jpg,Egyptian_Mau_29,Egyptian_Mau,5,test,test,12,1,6,25ad99eb53039d36ba2154b62c8897d3686a8b6a8aa10a07d8d49a4733d126c9,8e5639014e4d32cbfd5efeac9663eed471d8879c58eb7ada25402a19223167f6,600,382
142,Egyptian_Mau_48.jpg,Egyptian_Mau_48,Egyptian_Mau,5,test,test,12,1,6,26919186f07b762a111788b4b941c112321e254ff723fae0c3d403f1cea00662,5adc5a8838e8de8691317ce5df28e79737a5d948c03744f4e69c52d9f18f0db7,335,500
143,Egyptian_Mau_83.jpg,Egyptian_Mau_83,Egyptian_Mau,5,test,test,12,1,6,32e3b9573b2b753888b2e161377978e6a286842c38d7c74c4c444ff06344cd4d,ec5f18e18313e8d46327af552edf18ed4dd165d0fd7cab97aff2c380c5535197,230,239
