alpha,step,loss,accuracy,first_nonfinite
0.5,0,1.0986119508743286,0.3333333432674408,
0.5,1,1.0986123085021973,0.3333333432674408,
0.5,2,1.0986123085021973,0.3333333432674408,
0.5,3,1.0986123085021973,0.3333333432674408,
0.5,4,1.0986123085021973,0.3333333432674408,
0.5,5,1.0986123085021973,0.3333333432674408,
0.5,6,1.0986123085021973,0.3333333432674408,
0.5,7,1.0986120700836182,0.3333333432674408,
0.5,8,1.0986120700836182,0.3333333432674408,
0.5,9,1.0986124277114868,0.3333333432674408,
0.5,10,1.0986123085021973,0.3333333432674408,
0.5,11,1.0986120700836182,0.3333333432674408,
0.5,12,1.0986121892929077,0.3333333432674408,
0.5,13,1.0986123085021973,0.3333333432674408,
0.5,14,1.0986121892929077,0.3333333432674408,
0.5,15,1.0986123085021973,0.3333333432674408,
0.5,16,1.0986123085021973,0.3333333432674408,
0.5,17,1.0986121892929077,0.3333333432674408,
0.5,18,1.0986124277114868,0.3333333432674408,
0.5,19,1.0986123085021973,0.3333333432674408,
0.5,20,1.0986123085021973,0.3333333432674408,
0.5,21,1.0986120700836182,0.3333333432674408,
0.5,22,1.0986123085021973,0.3333333432674408,
0.5,23,1.0986124277114868,0.3333333432674408,
0.5,24,1.0986121892929077,0.3333333432674408,
0.5,25,1.0986123085021973,0.3333333432674408,
0.5,26,1.0986123085021973,0.3333333432674408,
0.5,27,1.0986123085021973,0.3333333432674408,
0.5,28,1.0986123085021973,0.3333333432674408,
0.5,29,1.0986123085021973,0.3333333432674408,
0.5,30,1.0986125469207764,0.3333333432674408,
0.5,31,1.0986120700836182,0.3333333432674408,
0.5,32,1.0986123085021973,0.3333333432674408,
0.5,33,1.0986123085021973,0.3333333432674408,
0.5,34,1.0986123085021973,0.3333333432674408,
0.5,35,1.0986121892929077,0.3333333432674408,
0.5,36,1.0986123085021973,0.3333333432674408,
0.5,37,1.0986123085021973,0.3333333432674408,
0.5,38,1.0986123085021973,0.3333333432674408,
0.5,39,1.0986121892929077,0.3333333432674408,
0.5,40,1.0986124277114868,0.3333333432674408,
0.5,41,1.0986121892929077,0.3333333432674408,
0.5,42,1.0986121892929077,0.3333333432674408,
0.5,43,1.0986121892929077,0.3333333432674408,
0.5,44,1.0986123085021973,0.3333333432674408,
0.5,45,1.0986123085021973,0.3333333432674408,
0.5,46,1.0986123085021973,0.3333333432674408,
0.5,47,1.0986123085021973,0.3333333432674408,
0.5,48,1.0986120700836182,0.3333333432674408,
0.5,49,1.0986121892929077,0.3333333432674408,
0.5,50,1.0986123085021973,0.3333333432674408,
0.5,51,1.0986121892929077,0.3333333432674408,
0.5,52,1.0986123085021973,0.3333333432674408,
0.5,53,1.0986123085021973,0.3333333432674408,
0.5,54,1.0986123085021973,0.3333333432674408,
0.5,55,1.0986123085021973,0.3333333432674408,
0.5,56,1.0986123085021973,0.3333333432674408,
0.5,57,1.0986123085021973,0.3333333432674408,
0.5,58,1.0986121892929077,0.3333333432674408,
0.5,59,1.0986121892929077,0.3333333432674408,
0.5,60,1.0986121892929077,0.3333333432674408,
0.5,61,1.0986123085021973,0.3333333432674408,
0.5,62,1.0986124277114868,0.3333333432674408,
0.5,63,1.0986121892929077,0.3333333432674408,
0.5,64,1.0986121892929077,0.3333333432674408,
0.5,65,1.0986124277114868,0.3333333432674408,
0.5,66,1.0986124277114868,0.3333333432674408,
0.5,67,1.0986123085021973,0.3333333432674408,
0.5,68,1.0986121892929077,0.3333333432674408,
0.5,69,1.0986121892929077,0.3333333432674408,
0.5,70,1.0986124277114868,0.3333333432674408,
0.5,71,1.0986121892929077,0.3333333432674408,
0.5,72,1.0986123085021973,0.3333333432674408,
0.5,73,1.0986123085021973,0.3333333432674408,
0.5,74,1.0986124277114868,0.3333333432674408,
0.5,75,1.0986123085021973,0.3333333432674408,
0.5,76,1.0986123085021973,0.3333333432674408,
0.5,77,1.0986123085021973,0.3333333432674408,
0.5,78,1.0986123085021973,0.3333333432674408,
0.5,79,1.0986123085021973,0.3333333432674408,
0.5,80,1.0986123085021973,0.3333333432674408,
0.5,81,1.0986123085021973,0.3333333432674408,
0.5,82,1.0986121892929077,0.3333333432674408,
0.5,83,1.0986124277114868,0.3333333432674408,
0.5,84,1.0986123085021973,0.3333333432674408,
0.5,85,1.0986123085021973,0.3333333432674408,
0.5,86,1.0986123085021973,0.3333333432674408,
0.5,87,1.0986121892929077,0.3333333432674408,
0.5,88,1.0986123085021973,0.3333333432674408,
0.5,89,1.0986123085021973,0.3333333432674408,
0.5,90,1.0986120700836182,0.3333333432674408,
0.5,91,1.0986121892929077,0.3333333432674408,
0.5,92,1.0986123085021973,0.3333333432674408,
0.5,93,1.0986123085021973,0.3333333432674408,
0.5,94,1.0986123085021973,0.3333333432674408,
0.5,95,1.0986123085021973,0.3333333432674408,
0.5,96,1.0986121892929077,0.3333333432674408,
0.5,97,1.0986123085021973,0.3333333432674408,
0.5,98,1.0986123085021973,0.3333333432674408,
0.5,99,1.0986124277114868,0.3333333432674408,
0.5,100,1.0986124277114868,0.3333333432674408,
0.5,101,1.0986120700836182,0.3333333432674408,
0.5,102,1.0986124277114868,0.3333333432674408,
0.5,103,1.0986123085021973,0.3333333432674408,
0.5,104,1.0986123085021973,0.3333333432674408,
0.5,105,1.0986123085021973,0.3333333432674408,
0.5,106,1.0986123085021973,0.3333333432674408,
0.5,107,1.0986123085021973,0.3333333432674408,
0.5,108,1.0986123085021973,0.3333333432674408,
0.5,109,1.0986123085021973,0.3333333432674408,
0.5,110,1.0986124277114868,0.3333333432674408,
0.5,111,1.0986123085021973,0.3333333432674408,
0.5,112,1.0986120700836182,0.3333333432674408,
0.5,113,1.0986123085021973,0.3333333432674408,
0.5,114,1.0986123085021973,0.3333333432674408,
0.5,115,1.0986123085021973,0.3333333432674408,
0.5,116,1.0986120700836182,0.3333333432674408,
0.5,117,1.0986123085021973,0.3333333432674408,
0.5,118,1.0986121892929077,0.3333333432674408,
0.5,119,1.0986121892929077,0.3333333432674408,
0.5,120,1.0986120700836182,0.3333333432674408,
0.5,121,1.0986121892929077,0.3333333432674408,
0.5,122,1.0986120700836182,0.3333333432674408,
0.5,123,1.0986121892929077,0.3333333432674408,
0.5,124,1.0986123085021973,0.3333333432674408,
0.5,125,1.0986121892929077,0.3333333432674408,
0.5,126,1.0986120700836182,0.3333333432674408,
0.5,127,1.0986124277114868,0.3333333432674408,
0.5,128,1.0986121892929077,0.3333333432674408,
0.5,129,1.0986120700836182,0.3333333432674408,
0.5,130,1.0986120700836182,0.3333333432674408,
0.5,131,1.0986120700836182,0.3333333432674408,
0.5,132,1.0986120700836182,0.3333333432674408,
0.5,133,1.0986121892929077,0.3333333432674408,
0.5,134,1.0986123085021973,0.3333333432674408,
0.5,135,1.0986120700836182,0.3333333432674408,
0.5,136,1.0986119508743286,0.3333333432674408,
0.5,137,1.0986120700836182,0.3333333432674408,
0.5,138,1.0986121892929077,0.3333333432674408,
0.5,139,1.0986119508743286,0.3333333432674408,
0.5,140,1.0986120700836182,0.3333333432674408,
0.5,141,1.0986123085021973,0.3333333432674408,
0.5,142,1.0986120700836182,0.3333333432674408,
0.5,143,1.0986120700836182,0.3333333432674408,
0.5,144,1.0986120700836182,0.3333333432674408,
0.5,145,1.0986121892929077,0.3333333432674408,
0.5,146,1.0986120700836182,0.3333333432674408,
0.5,147,1.0986119508743286,0.3333333432674408,
0.5,148,1.0986120700836182,0.3333333432674408,
0.5,149,1.0986119508743286,0.3333333432674408,
0.5,150,1.0986123085021973,0.3333333432674408,
1.0,0,1.2242240905761719,0.3333333432674408,
1.0,1,1.0952297449111938,0.26777777075767517,
1.0,2,1.0931040048599243,0.28777778148651123,
1.0,3,1.081138253211975,0.45222222805023193,
1.0,4,1.068151831626892,0.46000000834465027,
1.0,5,1.0473603010177612,0.5711110830307007,
1.0,6,1.0190227031707764,0.5055555701255798,
1.0,7,0.9942655563354492,0.49888888001441956,
1.0,8,0.9612431526184082,0.4911110997200012,
1.0,9,0.9187254905700684,0.5099999904632568,
1.0,10,0.8705014586448669,0.507777750492096,
1.0,11,0.8199891448020935,0.5155555605888367,
1.0,12,0.7705762982368469,0.5311111211776733,
1.0,13,0.7261621952056885,0.5244444608688354,
1.0,14,0.7163242697715759,0.597777783870697,
1.0,15,0.7652149200439453,0.5366666913032532,
1.0,16,0.6750646233558655,0.5266666412353516,
1.0,17,0.6854257583618164,0.5988888740539551,
1.0,18,0.5991594791412354,0.6622222065925598,
1.0,19,0.5907890200614929,0.6822222471237183,
1.0,20,0.5720100998878479,0.7066666483879089,
1.0,21,0.5352409482002258,0.7522222399711609,
1.0,22,0.5421542525291443,0.70333331823349,
1.0,23,0.48868170380592346,0.6977777481079102,
1.0,24,0.4694146513938904,0.7922222018241882,
1.0,25,0.41563186049461365,0.8455555438995361,
1.0,26,0.4088262915611267,0.8388888835906982,
1.0,27,0.361259400844574,0.8999999761581421,
1.0,28,0.36764732003211975,0.8444444537162781,
1.0,29,0.4018931984901428,0.8177777528762817,
1.0,30,0.3082939088344574,0.8711110949516296,
1.0,31,0.428104430437088,0.7633333206176758,
1.0,32,0.31418195366859436,0.8544444441795349,
1.0,33,0.3926834464073181,0.7988888621330261,
1.0,34,0.3016016185283661,0.8677777647972107,
1.0,35,0.30105268955230713,0.8588888645172119,
1.0,36,0.22443735599517822,0.9166666865348816,
1.0,37,0.3794308602809906,0.8666666746139526,
1.0,38,0.23510301113128662,0.9122222065925598,
1.0,39,0.30251583456993103,0.8766666650772095,
1.0,40,0.5032454133033752,0.846666693687439,
1.0,41,0.3126193881034851,0.8655555844306946,
1.0,42,0.6666139960289001,0.804444432258606,
1.0,43,0.6388038396835327,0.7922222018241882,
1.0,44,0.5063100457191467,0.7977777719497681,
1.0,45,0.2436753660440445,0.894444465637207,
1.0,46,0.2042834311723709,0.9377777576446533,
1.0,47,0.389453262090683,0.7988888621330261,
1.0,48,0.33178749680519104,0.8633333444595337,
1.0,49,0.21858711540699005,0.9244444370269775,
1.0,50,0.20008504390716553,0.9322222471237183,
1.0,51,0.18669062852859497,0.9355555772781372,
1.0,52,0.18564282357692719,0.9388889074325562,
1.0,53,0.21169525384902954,0.9188888669013977,
1.0,54,0.16531677544116974,0.9566666483879089,
1.0,55,0.14355973899364471,0.9688888788223267,
1.0,56,0.1331554800271988,0.9766666889190674,
1.0,57,0.1254207342863083,0.9733333587646484,
1.0,58,0.11303876340389252,0.9766666889190674,
1.0,59,0.10302150994539261,0.9800000190734863,
1.0,60,0.0970366820693016,0.9811111092567444,
1.0,61,0.08567751199007034,0.9877777695655823,
1.0,62,0.07210744917392731,0.9933333396911621,
1.0,63,0.0662781149148941,0.9977777600288391,
1.0,64,0.06469177454710007,0.9988889098167419,
1.0,65,0.06258149445056915,0.9988889098167419,
1.0,66,0.05677127093076706,0.9988889098167419,
1.0,67,0.0496404767036438,0.9988889098167419,
1.0,68,0.04383178800344467,0.9988889098167419,
1.0,69,0.03979603201150894,0.9988889098167419,
1.0,70,0.037411849945783615,0.9988889098167419,
1.0,71,0.03429689258337021,0.9988889098167419,
1.0,72,0.03025064803659916,0.9988889098167419,
1.0,73,0.027550673112273216,0.9988889098167419,
1.0,74,0.025447631254792213,0.9988889098167419,
1.0,75,0.023526547476649284,0.9988889098167419,
1.0,76,0.021704286336898804,0.9988889098167419,
1.0,77,0.01983565092086792,0.9988889098167419,
1.0,78,0.017753073945641518,0.9988889098167419,
1.0,79,0.015525254420936108,0.9988889098167419,
1.0,80,0.01350746862590313,0.9988889098167419,
1.0,81,0.011868863366544247,0.9988889098167419,
1.0,82,0.010609379038214684,0.9988889098167419,
1.0,83,0.009722332470119,0.9988889098167419,
1.0,84,0.008837665431201458,0.9988889098167419,
1.0,85,0.007937708869576454,1.0,
1.0,86,0.007155079394578934,1.0,
1.0,87,0.0063324542716145515,1.0,
1.0,88,0.005548512097448111,1.0,
1.0,89,0.0049162437207996845,1.0,
1.0,90,0.004343272652477026,1.0,
1.0,91,0.0038371228147298098,1.0,
1.0,92,0.0034208502620458603,1.0,
1.0,93,0.0030791591852903366,1.0,
1.0,94,0.002756982808932662,1.0,
1.0,95,0.002473648404702544,1.0,
1.0,96,0.0022349434439092875,1.0,
1.0,97,0.0020251874811947346,1.0,
1.0,98,0.0018100256565958261,1.0,
1.0,99,0.0016162660904228687,1.0,
1.0,100,0.001452866243198514,1.0,
1.0,101,0.001307657570578158,1.0,
1.0,102,0.0011710867984220386,1.0,
1.0,103,0.001050649443641305,1.0,
1.0,104,0.0009589933906681836,1.0,
1.0,105,0.0008874774794094265,1.0,
1.0,106,0.0008258188026957214,1.0,
1.0,107,0.0007647612364962697,1.0,
1.0,108,0.0007051660213619471,1.0,
1.0,109,0.0006523255724459887,1.0,
1.0,110,0.0006050802767276764,1.0,
1.0,111,0.0005613079410977662,1.0,
1.0,112,0.0005211274838075042,1.0,
1.0,113,0.0004843074129894376,1.0,
1.0,114,0.0004515281761996448,1.0,
1.0,115,0.00042272068094462156,1.0,
1.0,116,0.00039768696296960115,1.0,
1.0,117,0.0003749535826500505,1.0,
1.0,118,0.00035389780532568693,1.0,
1.0,119,0.00033384503331035376,1.0,
1.0,120,0.0003149897383991629,1.0,
1.0,121,0.000297276972560212,1.0,
1.0,122,0.0002806656120810658,1.0,
1.0,123,0.00026537265512160957,1.0,
1.0,124,0.0002512217324692756,1.0,
1.0,125,0.00023814816086087376,1.0,
1.0,126,0.00022595962218474597,1.0,
1.0,127,0.00021454518719110638,1.0,
1.0,128,0.00020405719988048077,1.0,
1.0,129,0.00019403871556278318,1.0,
1.0,130,0.0001849846594268456,1.0,
1.0,131,0.00017664060578681529,1.0,
1.0,132,0.00016865070210769773,1.0,
1.0,133,0.00016100271022878587,1.0,
1.0,134,0.00015372414782177657,1.0,
1.0,135,0.00014687945076730102,1.0,
1.0,136,0.00014055937936063856,1.0,
1.0,137,0.00013470929116010666,1.0,
1.0,138,0.00012924306793138385,1.0,
1.0,139,0.00012406180030666292,1.0,
1.0,140,0.00011908283340744674,1.0,
1.0,141,0.00011430464655859396,1.0,
1.0,142,0.00010974719771184027,1.0,
1.0,143,0.00010540630319155753,1.0,
1.0,144,0.00010130753798875958,1.0,
1.0,145,9.743874397827312e-05,1.0,
1.0,146,9.386058809468523e-05,1.0,
1.0,147,9.038051939569414e-05,1.0,
1.0,148,8.69893265189603e-05,1.0,
1.0,149,8.373602759093046e-05,1.0,
1.0,150,8.066230657277629e-05,1.0,
1.5,0,189359.34375,0.3333333432674408,
1.5,1,45588.23828125,0.3333333432674408,
1.5,2,30382.28125,0.33222222328186035,
1.5,3,12726.416015625,0.34555554389953613,
1.5,4,16173.2197265625,0.3333333432674408,
1.5,5,6503.099609375,0.46000000834465027,
1.5,6,6167.89208984375,0.5144444704055786,
1.5,7,5622.7646484375,0.46222221851348877,
1.5,8,3408.560546875,0.5177778005599976,
1.5,9,1763.612548828125,0.49888888001441956,
1.5,10,2153.0498046875,0.5122222304344177,
1.5,11,1898.8809814453125,0.5088889002799988,
1.5,12,1472.65283203125,0.4744444489479065,
1.5,13,1178.6314697265625,0.4833333194255829,
1.5,14,1379.7701416015625,0.5155555605888367,
1.5,15,1199.14892578125,0.5222222208976746,
1.5,16,994.1845703125,0.4444444477558136,
1.5,17,948.8423461914062,0.4466666579246521,
1.5,18,899.9323120117188,0.47999998927116394,
1.5,19,737.9322509765625,0.5022222399711609,
1.5,20,717.8173217773438,0.4722222089767456,
1.5,21,577.0361938476562,0.48444443941116333,
1.5,22,535.0158081054688,0.5166666507720947,
1.5,23,407.4648742675781,0.5188888907432556,
1.5,24,512.8991088867188,0.5288888812065125,
1.5,25,385.9991455078125,0.5211111307144165,
1.5,26,410.62725830078125,0.5344444513320923,
1.5,27,343.97772216796875,0.5622222423553467,
1.5,28,357.01995849609375,0.5133333206176758,
1.5,29,280.2320556640625,0.5666666626930237,
1.5,30,265.9109802246094,0.5755555629730225,
1.5,31,280.0032653808594,0.6077777743339539,
1.5,32,196.57101440429688,0.6200000047683716,
1.5,33,213.2584228515625,0.6155555844306946,
1.5,34,240.31222534179688,0.601111114025116,
1.5,35,250.41612243652344,0.596666693687439,
1.5,36,154.6978759765625,0.6222222447395325,
1.5,37,158.69390869140625,0.6499999761581421,
1.5,38,148.77297973632812,0.652222216129303,
1.5,39,117.73474884033203,0.6811110973358154,
1.5,40,120.94575500488281,0.6455555558204651,
1.5,41,121.76505279541016,0.648888885974884,
1.5,42,87.87789916992188,0.6966666579246521,
1.5,43,99.84950256347656,0.7122222185134888,
1.5,44,139.16415405273438,0.7088888883590698,
1.5,45,178.64186096191406,0.7066666483879089,
1.5,46,113.05236053466797,0.7177777886390686,
1.5,47,166.32879638671875,0.6733333468437195,
1.5,48,81.36785888671875,0.7344444394111633,
1.5,49,93.92452239990234,0.742222249507904,
1.5,50,173.63796997070312,0.70333331823349,
1.5,51,75.92186737060547,0.7444444298744202,
1.5,52,173.82383728027344,0.6966666579246521,
1.5,53,101.03730773925781,0.7555555701255798,
1.5,54,150.57179260253906,0.7288888692855835,
1.5,55,86.69175720214844,0.79666668176651,
1.5,56,92.79544830322266,0.7855555415153503,
1.5,57,80.19507598876953,0.7733333110809326,
1.5,58,102.77728271484375,0.75,
1.5,59,121.53633880615234,0.75,
1.5,60,108.60430908203125,0.7333333492279053,
1.5,61,199.87448120117188,0.7255555391311646,
1.5,62,101.19588470458984,0.7711111307144165,
1.5,63,161.88209533691406,0.7688888907432556,
1.5,64,183.78164672851562,0.7699999809265137,
1.5,65,110.99332427978516,0.7588889002799988,
1.5,66,246.94190979003906,0.6911110877990723,
1.5,67,63.835487365722656,0.8411111235618591,
1.5,68,183.51763916015625,0.7333333492279053,
1.5,69,81.25224304199219,0.7844444513320923,
1.5,70,111.98426818847656,0.757777750492096,
1.5,71,62.45802688598633,0.7933333516120911,
1.5,72,68.20016479492188,0.8122222423553467,
1.5,73,97.66210174560547,0.8211110830307007,
1.5,74,48.78700637817383,0.8588888645172119,
1.5,75,46.92546463012695,0.8222222328186035,
1.5,76,60.4992790222168,0.7833333611488342,
1.5,77,48.296661376953125,0.8033333420753479,
1.5,78,21.02659797668457,0.903333306312561,
1.5,79,44.1237678527832,0.8700000047683716,
1.5,80,59.85410690307617,0.8388888835906982,
1.5,81,22.838598251342773,0.8999999761581421,
1.5,82,79.54492950439453,0.7833333611488342,
1.5,83,114.60784912109375,0.8188889026641846,
1.5,84,129.69158935546875,0.8100000023841858,
1.5,85,34.25560760498047,0.8644444346427917,
1.5,86,173.16653442382812,0.7300000190734863,
1.5,87,61.0680046081543,0.8222222328186035,
1.5,88,72.33308410644531,0.8233333230018616,
1.5,89,35.06171798706055,0.8411111235618591,
1.5,90,76.83195495605469,0.8277778029441833,
1.5,91,43.42603302001953,0.8488888740539551,
1.5,92,37.71261978149414,0.8811110854148865,
1.5,93,30.700685501098633,0.8711110949516296,
1.5,94,18.5159912109375,0.9077777862548828,
1.5,95,22.26795768737793,0.8811110854148865,
1.5,96,22.4822940826416,0.8888888955116272,
1.5,97,11.824617385864258,0.9311110973358154,
1.5,98,13.845165252685547,0.9166666865348816,
1.5,99,10.45414924621582,0.9311110973358154,
1.5,100,13.165132522583008,0.9255555272102356,
1.5,101,19.483802795410156,0.9011111259460449,
1.5,102,10.804719924926758,0.9222221970558167,
1.5,103,8.444832801818848,0.9422222375869751,
1.5,104,11.059712409973145,0.9399999976158142,
1.5,105,4.832606315612793,0.9622222185134888,
1.5,106,5.964446544647217,0.9577777981758118,
1.5,107,5.750962257385254,0.9577777981758118,
1.5,108,4.605238914489746,0.9677777886390686,
1.5,109,2.786945104598999,0.9800000190734863,
1.5,110,3.6293113231658936,0.9722222089767456,
1.5,111,3.9728293418884277,0.9700000286102295,
1.5,112,1.9355212450027466,0.9766666889190674,
1.5,113,1.7440369129180908,0.9811111092567444,
1.5,114,2.6090011596679688,0.9688888788223267,
1.5,115,2.157745122909546,0.9677777886390686,
1.5,116,0.9282454252243042,0.9855555295944214,
1.5,117,1.4961329698562622,0.9822221994400024,
1.5,118,1.5831714868545532,0.9811111092567444,
1.5,119,0.7881002426147461,0.9888888597488403,
1.5,120,1.0057587623596191,0.9855555295944214,
1.5,121,0.9755531549453735,0.9833333492279053,
1.5,122,0.7721694111824036,0.9833333492279053,
1.5,123,0.9219120740890503,0.9844444394111633,
1.5,124,0.7575886845588684,0.9866666793823242,
1.5,125,0.6577550172805786,0.9855555295944214,
1.5,126,0.6546673774719238,0.9888888597488403,
1.5,127,0.6014991402626038,0.9900000095367432,
1.5,128,0.4773121178150177,0.9877777695655823,
1.5,129,0.4174784719944,0.9877777695655823,
1.5,130,0.24592284858226776,0.992222249507904,
1.5,131,0.5335748791694641,0.9844444394111633,
1.5,132,0.36628496646881104,0.9888888597488403,
1.5,133,0.23607374727725983,0.9933333396911621,
1.5,134,0.26566460728645325,0.9933333396911621,
1.5,135,0.3546313941478729,0.9944444298744202,
1.5,136,0.3702773153781891,0.9933333396911621,
1.5,137,0.19325947761535645,0.995555579662323,
1.5,138,0.17930002510547638,0.9977777600288391,
1.5,139,0.21399661898612976,0.9944444298744202,
1.5,140,0.21928273141384125,0.995555579662323,
1.5,141,0.17192301154136658,0.995555579662323,
1.5,142,0.13984864950180054,0.9977777600288391,
1.5,143,0.3710070848464966,0.992222249507904,
1.5,144,0.12556736171245575,0.9977777600288391,
1.5,145,0.12074677646160126,0.996666669845581,
1.5,146,0.1035514771938324,0.9977777600288391,
1.5,147,0.09139607846736908,0.9977777600288391,
1.5,148,0.10576224327087402,0.995555579662323,
1.5,149,0.0704469159245491,0.9977777600288391,
1.5,150,0.08193547278642654,0.9944444298744202,
